SNT CoQ10 Softgel 100mg 60êàïñ;2190;1781
"SNT Mega Omega 3 (330/220), 90 êàïñ";2190;1802
"SNT Glucosamine Chondroitin Msm, 90 òàá";2490;1969
SNT TAURINE 500ìã 90êàïñ;1290;1013
SNT Ultra Omega-3 1250mg 180 êàïñ;4690;3353
SNT Ultra Omega-3 1250mg 300 êàïñ;6890;5506
SNT Ultra Omega-3 1250mg 90 êàïñ;2890;2294
"SNT L-Tyrosine 500 ìã, 90 êàïñ";1790;1363
"SNT Betaine HCL, 90 êàïñ";2490;1825
"SNT Soy Lecithin 1200 ìã, 180 êàïñ";1690;1256
"SNT Sunfloer Lecithin 1200 ìã, 170 êàïñ";2990;2183
"SNT Vitamin K2 MK7, 60êàïñ";1790;1322
"SNT 5-HTP 100 ìã, 110 êàïñ";2690;1879
"SNT 5-HTP 100 ìã, 60 êàïñ";1790;1266
SNT Alpha GPC 90êàïñ;2490;1743
"SNT Alpha Lipoic Acid 600ìã, 60 vcaps";2590;1854
"SNT Alpha Lipoic Acid 600ìã, 90 êàïñ";3590;2600
"SNT Artichoke extract, 90 êàïñ";1890;1340
SNT Astaxanthin 6 ìã 60 softgel;1990;1399
"SNT Betaine HCL, 60 caps";1790;1295
SNT Brain Support  100êàïñ;2690;1962
"SNT Chelated Copper 2,5 ìã, 90 òàá";1490;987
"SNT Chelated Copper 2,5 ìã, 60 òàá";1090;739
SNT CHLOROPHYLL Liquid 100ìã 60ìë;1690;1221
"SNT Chromium picolinate 200 ìã, 90 êàïñ";1290;866
SNT CoQ10 Softgel 100mg 150êàïñ;3990;2838
SNT CoQ10 Softgel 100mg 60êàïñ;2190;1545
SNT CoQ10 Softgel 100mg 90êàïñ;2890;2037
"SNT CURCUMIN Extract 630 ìã, 90 òàá";3090;2224
SNT DMAE 250ìã 90êàïñ;1490;1048
SNT Gents Multi 180 êàï ñ QR;5390;3933
SNT Gents Multi 90 Softgels;3290;2318
"SNT Glucosamine Chondroitin Msm, 90 òàá";2490;1762
"SNT Hair Skin Nails Formula 1000ìã, 90êàïñ";1690;1150
"SNT IRON 36 ìã FERROCHEL, 90 VCAPS";1490;1008
"SNT Joint Repair, 60 òàá";2290;1600
"SNT Joint Repair, 90 òàá";3190;2172
"SNT L-Lysine 1000 ìã, 60 òàá";1190;858
"SNT L-Lysine 1000 ìã, 90 òàá";1590;1118
"SNT L-Tyrosine 500 ìã, 90 êàïñ";1790;1221
SNT Ladys Multi 180 êàïñ.;5390;3725
SNT Ladys Multi 60 Softgels;2290;1579
SNT Ladys Multi 90 Softgels;3290;2291
SNT LIVER SUPPORT 90êàïñ;1690;1201
"SNT Magnesium Taurat, 60 òàá";1990;1388
"SNT Magnesium Taurat, 90 òàá c QR";2790;1964
"SNT Mega Omega 3 (330/220), 180 êàïñ";3290;2308
"SNT Methyl B-12 1000 ìêã, 90 êàïñ";1690;1142
"SNT Methyl B-12 1000mcg, 60 êàïñ ";1290;880
"SNT Methyl Folate 400 ìã, 60 òàá";1890;1367
"SNT Methyl Folate 400 ìã, 90 òàá";2490;1806
"SNT Myo-Inositol 1500 ìã, 150 êàïñ";3390;2390
SNT NAC (N-ACETYL CYSTEINE) 600ìã 100 êàïñ;2290;1578
SNT Potassium Citrate 99 mg 60 VCAPS;890;606
SNT Potassium Citrate 99 mg 90 VCAPS;1190;828
SNT Resveratrol 60caps;2390;1674
"SNT SELENIUM 100 ìêã, 90 òàá";1390;976
"SNT Soy Lecithin 1200 ìã, 90 êàïñ";1190;859
"SNT Sunflower Lecithin 1200 ìã, 85 êàïñ";1790;1252
"SNT Vitamin A 10000 IU, 90 êàïñ";1090;748
SNT Vitamin D3 Liquid 1000 IU 30ìë;1290;923
"SNT Vitamin E 200 ìã, 60 êàïñ";1290;880
"SNT Vitamin K2 MK7, 60êàïñ";1790;1218
