SNT CoQ10 Softgel 100mg 60капс;2190;1781
"SNT Mega Omega 3 (330/220), 90 капс";2190;1802
"SNT Glucosamine Chondroitin Msm, 90 таб";2490;1969
SNT TAURINE 500мг 90капс;1290;1013
SNT Ultra Omega-3 1250mg 180 капс;4690;3353
SNT Ultra Omega-3 1250mg 300 капс;6890;5506
SNT Ultra Omega-3 1250mg 90 капс;2890;2294
"SNT L-Tyrosine 500 мг, 90 капс";1790;1363
"SNT Betaine HCL, 90 капс";2490;1825
"SNT Soy Lecithin 1200 мг, 180 капс";1690;1256
"SNT Sunfloer Lecithin 1200 мг, 170 капс";2990;2183
"SNT Vitamin K2 MK7, 60капс";1790;1322
"SNT 5-HTP 100 мг, 110 капс";2690;1879
"SNT 5-HTP 100 мг, 60 капс";1790;1266
SNT Alpha GPC 90капс;2490;1743
"SNT Alpha Lipoic Acid 600мг, 60 vcaps";2590;1854
"SNT Alpha Lipoic Acid 600мг, 90 капс";3590;2600
"SNT Artichoke extract, 90 капс";1890;1340
SNT Astaxanthin 6 мг 60 softgel;1990;1399
"SNT Betaine HCL, 60 caps";1790;1295
SNT Brain Support  100капс;2690;1962
"SNT Chelated Copper 2,5 мг, 90 таб";1490;987
"SNT Chelated Copper 2,5 мг, 60 таб";1090;739
SNT CHLOROPHYLL Liquid 100мг 60мл;1690;1221
"SNT Chromium picolinate 200 мг, 90 капс";1290;866
SNT CoQ10 Softgel 100mg 150капс;3990;2838
SNT CoQ10 Softgel 100mg 60капс;2190;1545
SNT CoQ10 Softgel 100mg 90капс;2890;2037
"SNT CURCUMIN Extract 630 мг, 90 таб";3090;2224
SNT DMAE 250мг 90капс;1490;1048
SNT Gents Multi 180 кап с QR;5390;3933
SNT Gents Multi 90 Softgels;3290;2318
"SNT Glucosamine Chondroitin Msm, 90 таб";2490;1762
"SNT Hair Skin Nails Formula 1000мг, 90капс";1690;1150
"SNT IRON 36 мг FERROCHEL, 90 VCAPS";1490;1008
"SNT Joint Repair, 60 таб";2290;1600
"SNT Joint Repair, 90 таб";3190;2172
"SNT L-Lysine 1000 мг, 60 таб";1190;858
"SNT L-Lysine 1000 мг, 90 таб";1590;1118
"SNT L-Tyrosine 500 мг, 90 капс";1790;1221
SNT Ladys Multi 180 капс.;5390;3725
SNT Ladys Multi 60 Softgels;2290;1579
SNT Ladys Multi 90 Softgels;3290;2291
SNT LIVER SUPPORT 90капс;1690;1201
"SNT Magnesium Taurat, 60 таб";1990;1388
"SNT Magnesium Taurat, 90 таб c QR";2790;1964
"SNT Mega Omega 3 (330/220), 180 капс";3290;2308
"SNT Methyl B-12 1000 мкг, 90 капс";1690;1142
"SNT Methyl B-12 1000mcg, 60 капс ";1290;880
"SNT Methyl Folate 400 мг, 60 таб";1890;1367
"SNT Methyl Folate 400 мг, 90 таб";2490;1806
"SNT Myo-Inositol 1500 мг, 150 капс";3390;2390
SNT NAC (N-ACETYL CYSTEINE) 600мг 100 капс;2290;1578
SNT Potassium Citrate 99 mg 60 VCAPS;890;606
SNT Potassium Citrate 99 mg 90 VCAPS;1190;828
SNT Resveratrol 60caps;2390;1674
"SNT SELENIUM 100 мкг, 90 таб";1390;976
"SNT Soy Lecithin 1200 мг, 90 капс";1190;859
"SNT Sunflower Lecithin 1200 мг, 85 капс";1790;1252
"SNT Vitamin A 10000 IU, 90 капс";1090;748
SNT Vitamin D3 Liquid 1000 IU 30мл;1290;923
"SNT Vitamin E 200 мг, 60 капс";1290;880
"SNT Vitamin K2 MK7, 60капс";1790;1218
